"緋月ゆい / Hizuki Yui",UCuk7vapXKckSw6yCGGDspDg
"こまるCh. - Komaru Kurikoma -/あおぎり高校",UCXXnWssOLdB2jg-4CznteAA
"Suisei Channel",UC5CwaMl1eIgY8h02uZw7u8A
"SoraCh. ときのそらチャンネル",UCp6993wxpyDPHUpavwDFqgg
"Nakiri Ayame Ch. 百鬼あやめ",UC7fk0CB07ly8oSl0aqKkqFg
"AZKi Channel",UC0TXe_LYZ4scaW2XMyi5_kw
"Korone Ch. 戌神ころね",UChAnqc_AY5_I3Px5dig3X1Q
"Lamy Ch. 雪花ラミィ",UCFKOVgVbGmX65RxO3EtH3iw
"Nene Ch.桃鈴ねね",UCAWSyEs_Io8MtpY3m-zqILA
"Laplus ch. ラプラス・ダークネス - holoX -",UCENwRMx5Yh42zWpzURebzTw
"Iroha ch. 風真いろは - holoX -",UC_vMYWcDjmfdpH6r4TTn1MQ
"Chihaya Ch. 輪堂 千速 - FLOW GLOW",UCKMWFR6lAstLa7Vbf5dH7ig
"Hajime Ch. 轟はじめ ‐ ReGLOSS",UC1iA6_NT4mtAcIII6ygrvCw
"Vivi Ch. 綺々羅々ヴィヴィ - FLOW GLOW",UCGzTVXqMQHa4AgJVJIVvtDQ
"風結ヨルちゃんねる",UCP6oR1jM5dvNA1vWuh0bcCA